Datetime,Water Level (m)
2025-09-04 18:00:00,0.30199197
2025-09-04 19:00:00,0.025188364
2025-09-04 20:00:00,-0.19570932
2025-09-04 21:00:00,-0.3620959
2025-09-04 22:00:00,-0.395032
2025-09-04 23:00:00,-0.09775086
2025-09-05 00:00:00,0.42902198
2025-09-05 01:00:00,0.9314843
2025-09-05 02:00:00,1.2772067
2025-09-05 03:00:00,1.4274503
2025-09-05 04:00:00,1.3877593
2025-09-05 05:00:00,1.107276
2025-09-05 06:00:00,0.6761968
2025-09-05 07:00:00,0.31157732
2025-09-05 08:00:00,0.0308731
2025-09-05 09:00:00,-0.19919455
2025-09-05 10:00:00,-0.35277012
2025-09-05 11:00:00,-0.34769514
2025-09-05 12:00:00,0.0565489
2025-09-05 13:00:00,0.6177871
2025-09-05 14:00:00,1.0300928
2025-09-05 15:00:00,1.246486
2025-09-05 16:00:00,1.2539151
2025-09-05 17:00:00,1.0328327
2025-09-05 18:00:00,0.6234296
2025-09-05 19:00:00,0.24064367
2025-09-05 20:00:00,-0.05849163
2025-09-05 21:00:00,-0.3131882
2025-09-05 22:00:00,-0.49608845
2025-09-05 23:00:00,-0.5050267
2025-09-06 00:00:00,-0.048153277
2025-09-06 01:00:00,0.59956086
2025-09-06 02:00:00,1.1432762
2025-09-06 03:00:00,1.4962177
2025-09-06 04:00:00,1.6096019
2025-09-06 05:00:00,1.4581208
2025-09-06 06:00:00,1.0372388
2025-09-06 07:00:00,0.5573952
2025-09-06 08:00:00,0.19609827
2025-09-06 09:00:00,-0.10419683
2025-09-06 10:00:00,-0.34971353
2025-09-06 11:00:00,-0.5027608
2025-09-06 12:00:00,-0.39048916
2025-09-06 13:00:00,0.23176894
2025-09-06 14:00:00,0.8910079
2025-09-06 15:00:00,1.3059541
2025-09-06 16:00:00,1.5017253
2025-09-06 17:00:00,1.4319824
2025-09-06 18:00:00,1.0501591
2025-09-06 19:00:00,0.5555033
2025-09-06 20:00:00,0.17528516
2025-09-06 21:00:00,-0.13396615
2025-09-06 22:00:00,-0.39545143
2025-09-06 23:00:00,-0.5522118
2025-09-07 00:00:00,-0.4668555
2025-09-07 01:00:00,0.15037727
2025-09-07 02:00:00,0.8664068
2025-09-07 03:00:00,1.3954
2025-09-07 04:00:00,1.7167395
2025-09-07 05:00:00,1.7448312
2025-09-07 06:00:00,1.4521065
2025-09-07 07:00:00,0.92136914
2025-09-07 08:00:00,0.4361649
2025-09-07 09:00:00,0.081624344
2025-09-07 10:00:00,-0.2261681
2025-09-07 11:00:00,-0.4738149
2025-09-07 12:00:00,-0.584181
2025-09-07 13:00:00,-0.21609472
2025-09-07 14:00:00,0.5242953
2025-09-07 15:00:00,1.1864711
2025-09-07 16:00:00,1.5701478
2025-09-07 17:00:00,1.682224
2025-09-07 18:00:00,1.4721448
2025-09-07 19:00:00,0.9681324
2025-09-07 20:00:00,0.46551272
2025-09-07 21:00:00,0.09888981
2025-09-07 22:00:00,-0.215977
2025-09-07 23:00:00,-0.4777621
2025-09-08 00:00:00,-0.62329066
2025-09-08 01:00:00,-0.38751733
2025-09-08 02:00:00,0.3818124
2025-09-08 03:00:00,1.1535753
2025-09-08 04:00:00,1.650956
2025-09-08 05:00:00,1.8764496
2025-09-08 06:00:00,1.7464069
2025-09-08 07:00:00,1.2693126
2025-09-08 08:00:00,0.70918226
2025-09-08 09:00:00,0.28619334
2025-09-08 10:00:00,-0.058988143
2025-09-08 11:00:00,-0.35242406
2025-09-08 12:00:00,-0.5656069
2025-09-08 13:00:00,-0.5908009
2025-09-08 14:00:00,0.047317024
2025-09-08 15:00:00,0.8490576
2025-09-08 16:00:00,1.4557234
2025-09-08 17:00:00,1.7958239
2025-09-08 18:00:00,1.7902614
2025-09-08 19:00:00,1.4266641
2025-09-08 20:00:00,0.8548467
2025-09-08 21:00:00,0.377748
2025-09-08 22:00:00,0.018566689
2025-09-08 23:00:00,-0.28873223
2025-09-09 00:00:00,-0.53122324
2025-09-09 01:00:00,-0.61901706
2025-09-09 02:00:00,-0.11167477
2025-09-09 03:00:00,0.6876529
2025-09-09 04:00:00,1.3794028
2025-09-09 05:00:00,1.8049803
2025-09-09 06:00:00,1.8815069
2025-09-09 07:00:00,1.6020279
2025-09-09 08:00:00,1.03648
2025-09-09 09:00:00,0.5174542
2025-09-09 10:00:00,0.13313383
2025-09-09 11:00:00,-0.196494
2025-09-09 12:00:00,-0.4686046
2025-09-09 13:00:00,-0.6291991
2025-09-09 14:00:00,-0.4356232
2025-09-09 15:00:00,0.36458862
2025-09-09 16:00:00,1.1636903
2025-09-09 17:00:00,1.669986
2025-09-09 18:00:00,1.8974189
2025-09-09 19:00:00,1.7605795
2025-09-09 20:00:00,1.2569975
2025-09-09 21:00:00,0.695216
2025-09-09 22:00:00,0.27558988
2025-09-09 23:00:00,-0.068561874
2025-09-10 00:00:00,-0.3502311
2025-09-10 01:00:00,-0.5513465
2025-09-10 02:00:00,-0.5121836
2025-09-10 03:00:00,0.19144976
2025-09-10 04:00:00,0.99056154
2025-09-10 05:00:00,1.5535215
2025-09-10 06:00:00,1.8478742
2025-09-10 07:00:00,1.7905424
2025-09-10 08:00:00,1.3593205
2025-09-10 09:00:00,0.79004836
2025-09-10 10:00:00,0.33868495
2025-09-10 11:00:00,-0.014542001
2025-09-10 12:00:00,-0.31491172
2025-09-10 13:00:00,-0.54561824
2025-09-10 14:00:00,-0.6186558
2025-09-10 15:00:00,-0.078737654
2025-09-10 16:00:00,0.7176691
2025-09-10 17:00:00,1.3861042
2025-09-10 18:00:00,1.8038753
